City_ID,City,Country,Lat,Lng,Max Temp,Humidity,Cloudiness,Wind Speed,Weather
0,byron bay,AU,-28.65,153.6167,79.95,62,65,9.46,broken clouds
1,punta arenas,CL,-53.15,-70.9167,53.11,37,0,23.02,clear sky
2,faanui,PF,-16.4833,-151.75,81.16,58,97,14.29,overcast clouds
3,new norfolk,AU,-42.7826,147.0587,72.72,46,31,2.98,scattered clouds
4,cayenne,GF,4.9333,-52.3333,73.44,100,75,0.0,broken clouds
5,ust-nera,RU,64.5667,143.2,-22.65,98,100,7.09,overcast clouds
6,belmonte,BR,-15.8631,-38.8828,75.31,87,25,7.38,scattered clouds
7,fortuna,US,40.5982,-124.1573,52.66,76,40,12.66,scattered clouds
8,vestmanna,FO,62.1564,-7.1664,23.92,93,20,1.14,light snow
9,ushuaia,AR,-54.8,-68.3,51.42,57,40,24.16,scattered clouds
10,buraydah,SA,26.326,43.975,60.03,88,91,6.76,overcast clouds
11,beringovskiy,RU,63.05,179.3167,-2.29,86,100,20.29,overcast clouds
12,vaini,TO,-21.2,-175.2,80.71,75,64,7.61,broken clouds
13,port-cartier,CA,50.0334,-66.8654,24.75,88,100,8.23,snow
14,hermanus,ZA,-34.4187,19.2345,73.8,84,54,15.12,broken clouds
15,nanortalik,GL,60.1432,-45.2371,9.25,60,6,16.98,clear sky
16,puerto ayora,EC,-0.7393,-90.3518,76.55,93,78,1.99,broken clouds
17,bethel,US,41.3712,-73.414,37.76,54,0,4.0,clear sky
18,egvekinot,RU,66.3167,-179.1667,-20.0,83,66,18.19,broken clouds
19,cape town,ZA,-33.9258,18.4232,75.9,69,30,7.0,scattered clouds
20,dikson,RU,73.5069,80.5464,-33.11,84,7,7.58,clear sky
21,chokurdakh,RU,70.6333,147.9167,-26.82,96,73,10.33,broken clouds
22,chuy,UY,-33.6971,-53.4616,69.94,74,0,10.83,clear sky
23,sisimiut,GL,66.9395,-53.6735,-3.89,93,100,15.14,light snow
24,rikitea,PF,-23.1203,-134.9692,77.76,69,6,7.2,clear sky
25,shenzhen,CN,22.5455,114.0683,55.83,86,100,6.67,overcast clouds
26,gorgan,IR,36.8387,54.4348,41.83,55,94,0.98,overcast clouds
27,mataura,NZ,-46.1927,168.8643,65.7,55,94,6.71,overcast clouds
28,macamic,CA,48.7502,-78.9996,17.37,94,93,4.52,overcast clouds
29,east london,ZA,-33.0153,27.9116,74.46,94,90,1.74,overcast clouds
30,ust-kuyga,RU,70.0167,135.6,-33.54,99,100,6.71,overcast clouds
31,sampit,ID,-2.5333,112.95,77.74,84,98,1.99,overcast clouds
32,mindelo,CV,16.8901,-24.9804,71.87,81,94,12.75,overcast clouds
33,athabasca,CA,54.7169,-113.2854,24.84,93,97,8.9,overcast clouds
34,brentwood,US,40.7812,-73.2462,43.09,50,75,4.61,broken clouds
35,ponta do sol,PT,32.6667,-17.1,60.71,70,26,5.28,scattered clouds
36,richards bay,ZA,-28.783,32.0377,72.36,88,55,9.98,broken clouds
37,santa isabel do rio negro,BR,-0.4139,-65.0192,73.71,89,80,2.62,light rain
38,qaanaaq,GL,77.484,-69.3632,-10.93,58,78,6.04,broken clouds
39,hilo,US,19.7297,-155.09,82.13,70,0,16.11,clear sky
40,port alfred,ZA,-33.5906,26.891,73.18,98,100,9.22,overcast clouds
41,westport,US,41.1415,-73.3579,41.56,50,75,6.91,broken clouds
42,lorengau,PG,-2.0226,147.2712,83.75,70,100,5.08,overcast clouds
43,provideniya,RU,64.3833,-173.3,6.91,56,75,26.84,broken clouds
44,bluff,NZ,-46.6,168.3333,60.87,72,28,8.93,scattered clouds
45,saint-philippe,RE,-21.3585,55.7679,74.79,82,31,10.33,scattered clouds
46,grand-santi,GF,4.25,-54.3833,71.37,99,66,2.75,broken clouds
47,hobart,AU,-42.8794,147.3294,73.06,62,75,10.36,broken clouds
48,olafsvik,IS,64.8945,-23.7142,27.86,71,61,21.03,broken clouds
49,itarema,BR,-2.9248,-39.9167,77.5,84,99,8.28,overcast clouds
50,kodiak,US,57.79,-152.4072,36.91,93,100,14.97,light rain
51,borba,BR,-4.3878,-59.5939,73.92,97,70,1.32,light rain
52,gat,IL,31.61,34.7642,54.39,100,32,4.99,scattered clouds
53,castro,BR,-24.7911,-50.0119,67.05,90,92,1.57,light rain
54,teya,RU,60.3778,92.6267,-6.03,100,100,3.36,overcast clouds
55,biak,ID,-0.9131,122.8766,80.4,73,38,1.57,scattered clouds
56,kudahuvadhoo,MV,2.6708,72.8944,79.29,76,73,4.79,broken clouds
57,albany,US,42.6001,-73.9662,31.26,64,68,5.32,broken clouds
58,hasaki,JP,35.7333,140.8333,39.22,50,88,8.55,overcast clouds
59,bredasdorp,ZA,-34.5322,20.0403,70.05,90,99,16.24,light rain
60,tasiilaq,GL,65.6145,-37.6368,19.56,66,100,10.33,overcast clouds
61,arraial do cabo,BR,-22.9661,-42.0278,76.86,83,0,18.41,clear sky
62,camacha,PT,33.0833,-16.3333,56.62,72,75,13.8,broken clouds
63,pandan,PH,14.0453,124.1694,77.18,92,100,13.98,heavy intensity rain
64,garowe,SO,8.4054,48.4845,67.3,77,1,12.06,clear sky
65,longyearbyen,SJ,78.2186,15.6401,17.44,62,20,21.85,few clouds
66,puri,IN,19.8,85.85,68.52,82,8,1.01,clear sky
67,belaya gora,RU,68.5333,146.4167,-40.14,100,100,2.37,overcast clouds
68,klaksvik,FO,62.2266,-6.589,25.72,66,100,19.73,light snow
69,port macquarie,AU,-31.4333,152.9167,71.89,72,67,3.91,broken clouds
70,kapaa,US,22.0752,-159.319,81.12,71,0,6.91,clear sky
71,aykhal,RU,66.0,111.5,-41.39,97,100,6.49,overcast clouds
72,dingle,PH,10.9995,122.6711,77.99,90,83,6.15,broken clouds
73,channel-port aux basques,CA,47.5702,-59.1367,41.29,98,100,34.54,light rain
74,ilhabela,BR,-23.7781,-45.3581,76.69,93,47,0.76,scattered clouds
75,coahuayana,MX,18.7333,-103.6833,79.43,45,50,4.72,scattered clouds
76,poum,NC,-20.2333,164.0167,80.78,70,100,13.44,overcast clouds
77,groningen,NL,53.25,6.75,39.02,93,75,12.66,moderate rain
78,tual,ID,-5.6667,132.75,83.28,72,100,7.83,overcast clouds
79,deputatskiy,RU,69.3,139.9,-31.31,100,100,1.03,overcast clouds
80,mahebourg,MU,-20.4081,57.7,78.26,74,79,16.78,broken clouds
81,cherskiy,RU,68.75,161.3,-35.9,96,100,3.58,overcast clouds
82,kihei,US,20.785,-156.4656,78.84,77,40,6.91,scattered clouds
83,bandarbeyla,SO,9.4942,50.8122,74.26,77,43,16.31,scattered clouds
84,atuona,PF,-9.8,-139.0333,78.67,74,100,15.59,overcast clouds
85,baherden,TM,38.4362,57.4316,28.58,68,56,6.22,broken clouds
86,abu kamal,SY,34.4506,40.9171,50.04,74,100,1.77,overcast clouds
87,avarua,CK,-21.2078,-159.775,82.45,69,7,8.05,clear sky
88,oneonta,US,42.4529,-75.0638,32.29,68,0,7.07,clear sky
89,jamestown,US,42.097,-79.2353,38.84,54,0,4.61,clear sky
90,san policarpo,PH,12.1791,125.5072,80.13,84,89,1.34,overcast clouds
91,souillac,MU,-20.5167,57.5167,76.55,76,72,14.99,broken clouds
92,corrales,US,35.2378,-106.6067,44.69,69,100,5.01,overcast clouds
93,pisco,PE,-13.7,-76.2167,69.03,85,36,5.99,scattered clouds
94,mikhaylovka,RU,50.06,43.2379,27.79,95,100,10.87,light snow
95,isangel,VU,-19.55,169.2667,81.25,62,78,12.21,broken clouds
96,coihaique,CL,-45.5752,-72.0662,65.01,52,0,2.3,clear sky
97,marfino,RU,55.7028,37.3822,27.16,92,100,13.42,mist
98,comodoro rivadavia,AR,-45.8667,-67.5,66.2,47,100,12.01,overcast clouds
99,bathsheba,BB,13.2167,-59.5167,76.64,79,8,11.39,clear sky
100,temerloh,MY,3.4483,102.4176,71.98,99,71,2.44,broken clouds
101,busselton,AU,-33.65,115.3333,61.16,51,13,11.63,few clouds
102,plettenberg bay,ZA,-34.0527,23.3716,69.48,95,92,7.38,overcast clouds
103,tiksi,RU,71.6872,128.8694,-21.89,100,100,6.89,overcast clouds
104,serebryansk,KZ,49.6925,83.2892,-0.33,97,99,4.74,overcast clouds
105,tanout,NE,14.9709,8.8879,58.78,26,8,12.84,clear sky
106,marshall,US,34.3834,-86.3333,62.31,64,75,8.05,broken clouds
107,sorland,NO,67.667,12.6934,33.66,72,81,8.3,broken clouds
108,quarai,BR,-30.3875,-56.4514,84.69,27,0,8.48,clear sky
109,touros,BR,-5.1989,-35.4608,78.96,76,62,12.84,broken clouds
110,mar del plata,AR,-38.0023,-57.5575,72.09,89,17,10.0,few clouds
111,nabire,ID,-3.3667,135.4833,83.12,71,99,0.54,overcast clouds
112,rio gallegos,AR,-51.6226,-69.2181,57.76,38,59,24.18,broken clouds
113,airai,TL,-8.9266,125.4092,68.67,73,70,1.81,broken clouds
114,mexico,PH,15.0646,120.7198,76.82,77,100,5.12,overcast clouds
115,norden,DE,53.6,7.2,39.18,97,100,1.99,light rain
116,kungurtug,RU,50.5994,97.5228,-7.44,95,100,1.41,overcast clouds
117,vostok,RU,46.4856,135.8833,-12.93,93,77,3.91,broken clouds
118,saint-augustin,CA,51.226,-58.6502,30.27,95,100,25.43,snow
119,alihe,CN,50.5667,123.7167,-25.49,99,85,2.95,overcast clouds
120,dubuque,US,42.4833,-90.8668,46.67,85,75,4.61,mist
121,hun,LY,29.1268,15.9477,54.46,38,0,7.54,clear sky
122,navoloki,RU,57.4657,41.9634,18.25,93,100,10.45,overcast clouds
123,grand gaube,MU,-20.0064,57.6608,78.39,70,42,10.0,scattered clouds
124,champerico,GT,14.3,-91.9167,79.16,70,12,11.18,few clouds
125,barrow,US,71.2906,-156.7887,-23.78,83,0,10.36,clear sky
126,elizabeth city,US,36.2946,-76.2511,48.02,53,97,1.01,overcast clouds
127,salta,AR,-24.7859,-65.4117,69.06,65,85,6.26,overcast clouds
128,hithadhoo,MV,-0.6,73.0833,79.21,67,17,3.2,few clouds
129,ahipara,NZ,-35.1667,173.1667,72.03,55,4,8.66,clear sky
130,kouroussa,GN,10.65,-9.8833,73.18,15,7,4.36,clear sky
131,mariental,NA,-24.6333,17.9667,82.42,34,60,3.36,broken clouds
132,salalah,OM,17.0151,54.0924,68.61,78,68,0.07,broken clouds
133,maragogi,BR,-9.0122,-35.2225,77.79,80,100,7.94,overcast clouds
134,pacific grove,US,36.6177,-121.9166,53.87,83,83,10.0,broken clouds
135,anapskaya,RU,44.89,37.38,35.83,80,20,8.95,few clouds
136,hurghada,EG,27.2574,33.8129,57.15,52,0,11.36,clear sky
137,mokhsogollokh,RU,61.4681,128.9203,-44.23,98,100,0.85,overcast clouds
138,college,US,64.8569,-147.8028,10.35,78,75,3.44,broken clouds
139,ronne,DK,55.1009,14.7066,39.11,87,75,18.41,broken clouds
140,kosai,JP,34.7105,137.5316,41.94,47,30,8.25,scattered clouds
141,mount gambier,AU,-37.8333,140.7667,90.54,16,63,11.12,broken clouds
142,ilulissat,GL,69.2167,-51.1,-3.98,54,75,19.57,light shower snow
143,kruisfontein,ZA,-34.0033,24.7314,71.89,94,100,11.9,overcast clouds
144,san patricio,US,28.017,-97.5169,76.15,60,14,2.21,few clouds
145,shingu,JP,33.7333,135.9833,43.07,54,3,5.01,clear sky
146,kaitangata,NZ,-46.2817,169.8464,68.34,55,80,8.48,broken clouds
147,saskylakh,RU,71.9167,114.0833,-27.4,99,57,7.34,broken clouds
148,northam,GB,51.0333,-4.2167,33.26,66,84,7.92,broken clouds
149,saint george,US,37.1041,-113.5841,50.25,84,0,6.91,clear sky
150,dudinka,RU,69.4058,86.1778,-45.24,96,7,2.51,clear sky
151,tefe,BR,-3.3542,-64.7114,73.74,96,100,2.48,overcast clouds
152,songjianghe,CN,42.1859,127.479,2.25,74,4,5.61,clear sky
153,ostrovnoy,RU,68.0531,39.5131,30.24,86,96,22.53,overcast clouds
154,bonthe,SL,7.5264,-12.505,76.23,86,22,5.95,few clouds
155,havre-saint-pierre,CA,50.2334,-63.5986,29.73,92,100,24.0,snow
156,manaus,BR,-3.1019,-60.025,77.49,83,75,6.91,broken clouds
157,cockburn town,TC,21.4612,-71.1419,74.26,52,2,8.05,clear sky
158,klupci,RS,44.5314,19.2519,47.01,65,100,11.5,overcast clouds
159,akdepe,TM,42.0551,59.3788,21.76,47,100,7.96,overcast clouds
160,gibara,CU,21.1097,-76.1317,70.92,64,0,9.22,clear sky
161,khasan,RU,42.4308,130.6434,16.43,54,45,1.36,scattered clouds
162,margate,GB,51.3813,1.3862,31.69,75,30,1.01,scattered clouds
163,lavrentiya,RU,65.5833,-171.0,-13.4,86,100,14.0,overcast clouds
164,meadow lake,US,34.8014,-106.5436,44.47,62,100,8.01,overcast clouds
165,nanakuli,US,21.3906,-158.1547,82.42,63,20,11.5,few clouds
166,palmer,US,42.1584,-72.3287,35.62,68,100,6.91,overcast clouds
167,kahului,US,20.8947,-156.47,78.84,74,40,6.91,scattered clouds
168,subcetate,RO,46.85,25.45,35.11,76,73,3.89,broken clouds
169,kurilsk,RU,45.2333,147.8833,17.38,70,93,15.75,overcast clouds
170,hamilton,US,39.1834,-84.5333,44.78,90,100,14.97,overcast clouds
171,killybegs,IE,54.6333,-8.45,36.84,59,100,5.19,overcast clouds
172,kutum,SD,14.2,24.6667,55.45,29,65,6.38,broken clouds
173,beloha,MG,-25.1667,45.05,73.85,85,0,7.45,clear sky
174,ornskoldsvik,SE,63.2909,18.7153,9.55,100,56,2.3,broken clouds
175,japura,ID,-0.3167,102.35,72.93,97,100,2.15,overcast clouds
176,pangnirtung,CA,66.1451,-65.7125,-31.0,68,0,0.0,clear sky
177,puerto palomas,MX,31.7667,-107.6167,50.94,64,95,20.09,overcast clouds
178,zhigansk,RU,66.7697,123.3711,-56.09,99,95,4.47,overcast clouds
179,port hardy,CA,50.6996,-127.4199,43.99,92,100,0.51,moderate rain
180,lakheri,IN,25.6667,76.1667,43.39,47,0,4.81,clear sky
181,palmas,BR,-10.2128,-48.3603,74.07,88,35,3.49,scattered clouds
182,lima,PE,-12.0432,-77.0282,73.65,60,0,13.8,clear sky
183,talnakh,RU,69.4865,88.3972,-34.64,85,3,4.21,clear sky
184,la paz,BO,-16.5,-68.15,57.18,43,40,11.5,scattered clouds
185,clyde river,CA,70.4692,-68.5914,-9.17,84,100,8.05,light snow
186,tuktoyaktuk,CA,69.4541,-133.0374,-8.19,98,100,7.29,overcast clouds
187,cortes,ES,41.9395,-1.4396,59.05,64,99,36.51,overcast clouds
188,koulikoro,ML,14.0,-7.75,69.15,15,28,10.2,scattered clouds
189,atbasar,KZ,51.8,68.3333,-2.79,80,38,5.5,scattered clouds
190,kenai,US,60.5544,-151.2583,31.08,93,100,18.41,overcast clouds
191,sosnovo-ozerskoye,RU,52.5249,111.5418,-13.32,97,92,6.69,overcast clouds
192,zyryanka,RU,65.75,150.85,-34.06,99,100,0.69,overcast clouds
193,rognan,NO,67.0953,15.3878,33.94,85,97,8.34,overcast clouds
194,tucuman,AR,-26.8241,-65.2226,82.89,40,72,4.97,broken clouds
195,pevek,RU,69.7008,170.3133,-31.23,100,43,0.83,scattered clouds
196,russell,US,32.3502,-85.1999,58.23,53,75,6.91,broken clouds
197,bayir,TR,37.2687,28.2167,37.92,92,17,4.83,few clouds
198,qaqortoq,GL,60.7167,-46.0333,-6.47,68,11,10.74,few clouds
199,geraldton,AU,-28.7667,114.6,66.61,55,0,17.27,clear sky
200,salas,ES,43.4118,-6.2602,54.95,88,99,21.97,light rain
201,ugoofaaru,MV,5.6667,73.0,80.22,77,12,13.02,few clouds
202,yellowknife,CA,62.456,-114.3525,-1.97,96,98,8.41,overcast clouds
203,fairbanks,US,64.8378,-147.7164,10.36,80,0,3.44,clear sky
204,guerrero negro,MX,27.9769,-114.0611,64.89,75,60,14.88,broken clouds
205,bara,NG,10.3744,10.7288,67.6,28,100,8.28,overcast clouds
206,cabedelo,BR,-6.9811,-34.8339,79.47,76,99,10.09,overcast clouds
207,benguela,AO,-12.5763,13.4055,78.6,72,100,4.68,overcast clouds
208,aquiraz,BR,-3.9014,-38.3911,81.45,81,98,8.19,overcast clouds
209,ponta delgada,PT,37.7333,-25.6667,56.12,71,75,8.05,broken clouds
210,henties bay,NA,-22.116,14.2845,68.63,84,96,5.1,overcast clouds
211,raga,SS,8.4596,25.678,69.22,28,61,5.01,broken clouds
212,lebu,CL,-37.6167,-73.65,56.82,84,4,15.37,clear sky
213,khvoynaya,RU,58.9,34.5333,27.73,95,100,7.9,overcast clouds
214,torbay,CA,47.6666,-52.7314,43.88,97,100,8.05,light intensity drizzle
215,bosaso,SO,11.2842,49.1816,73.36,74,12,2.59,few clouds
216,urumqi,CN,43.801,87.6005,-12.05,84,100,2.24,fog
217,bengkulu,ID,-3.8004,102.2655,75.45,88,98,3.89,overcast clouds
218,havoysund,NO,70.9963,24.6622,34.03,87,100,4.68,light snow
219,saint-pierre,RE,-21.3393,55.4781,77.92,73,0,5.75,clear sky
220,lachhmangarh,IN,27.8214,75.0251,41.63,34,0,5.79,clear sky
221,cetraro,IT,39.5166,15.9416,55.24,83,100,18.97,overcast clouds
222,shelabolikha,RU,53.4131,82.6167,13.93,93,100,11.23,overcast clouds
223,santa rosa,PH,14.3122,121.1114,80.1,77,100,12.88,overcast clouds
224,ankang,CN,32.68,109.0172,28.74,68,51,1.03,broken clouds
225,bambanglipuro,ID,-7.95,110.2833,78.13,86,97,2.89,overcast clouds
226,arman,RU,59.7,150.1667,-18.29,84,66,12.68,broken clouds
227,alice springs,AU,-23.7,133.8833,88.21,40,3,5.75,clear sky
228,andilamena,MG,-17.0167,48.5833,64.58,92,74,7.05,broken clouds
229,morros,BR,-9.4467,-46.3003,74.68,75,100,2.26,overcast clouds
230,bambous virieux,MU,-20.3428,57.7575,78.22,74,76,16.91,broken clouds
231,arvika,SE,59.6553,12.5852,36.21,96,100,9.57,overcast clouds
232,lermontovka,RU,47.1453,134.3383,-13.63,97,82,4.61,broken clouds
233,huarmey,PE,-10.0681,-78.1522,70.79,77,76,7.29,broken clouds
234,libertador general san martin,AR,-23.8064,-64.7876,85.98,50,90,3.15,overcast clouds
235,kwinana,AU,-32.25,115.7667,65.17,51,0,5.01,clear sky
236,avera,US,33.194,-82.5271,54.91,50,100,6.17,overcast clouds
237,pontianak,ID,-0.0333,109.3333,75.81,85,88,2.73,overcast clouds
238,panalingaan,PH,8.7842,117.4231,78.84,83,62,4.21,broken clouds
239,iisalmi,FI,63.5592,27.1907,27.68,87,99,10.71,overcast clouds
240,ixtapa,MX,20.7,-105.2,74.23,73,75,6.91,broken clouds
241,kulhudhuffushi,MV,6.6221,73.07,80.26,75,33,13.42,scattered clouds
242,choszczno,PL,53.169,15.4205,32.79,84,100,15.26,overcast clouds
243,maningrida,AU,-12.0667,134.2667,82.94,76,100,6.58,overcast clouds
244,tuatapere,NZ,-46.1333,167.6833,62.6,68,51,8.52,broken clouds
245,port elizabeth,ZA,-33.918,25.5701,74.1,99,100,1.99,overcast clouds
246,khatanga,RU,71.9667,102.5,-39.84,97,23,7.36,few clouds
247,sauce,UY,-34.6469,-56.0628,78.42,33,1,13.15,clear sky
248,nichinan,JP,31.6,131.3667,49.08,67,70,4.38,broken clouds
249,teguldet,RU,57.3064,88.1667,14.31,93,100,10.18,light snow
250,lagos,NG,6.5833,3.75,74.14,83,27,0.56,scattered clouds
251,lira,UG,2.235,32.9097,70.18,38,60,5.44,broken clouds
252,kjollefjord,NO,70.9457,27.3465,33.85,80,40,0.0,scattered clouds
253,manta,EC,-0.95,-80.7333,82.18,69,75,9.22,broken clouds
254,marawi,PH,7.9986,124.2928,72.57,90,96,1.34,overcast clouds
255,ribeira grande,PT,38.5167,-28.7,55.78,77,21,7.0,few clouds
256,kuala terengganu,MY,5.3302,103.1408,76.1,79,40,3.98,scattered clouds
257,houma,US,29.5958,-90.7195,69.01,86,100,14.97,overcast clouds
258,kirakira,SB,-10.4544,161.9205,83.16,78,100,8.14,overcast clouds
259,acarau,BR,-2.8856,-40.12,77.86,83,100,8.79,moderate rain
260,thompson,CA,55.7435,-97.8558,-2.51,100,85,3.36,overcast clouds
261,nagyrabe,HU,47.2,21.3333,46.96,78,100,15.41,overcast clouds
262,hualmay,PE,-11.0964,-77.6139,70.86,79,64,8.75,broken clouds
263,asyut,EG,27.181,31.1837,50.58,67,0,3.62,clear sky
264,merauke,ID,-8.4667,140.3333,81.34,75,98,4.05,overcast clouds
265,grand bank,CA,47.0999,-55.765,42.8,98,100,21.94,light rain
266,hojslev,DK,56.5857,9.1364,37.81,94,100,1.01,overcast clouds
267,victoria,HK,22.2855,114.1577,55.94,85,100,3.0,overcast clouds
268,quatre cocos,MU,-20.2078,57.7625,78.1,74,65,16.91,broken clouds
269,taoudenni,ML,22.6783,-3.9836,65.35,22,11,10.74,few clouds
270,maceio,BR,-9.6658,-35.7353,78.28,79,100,9.17,overcast clouds
271,nikolskoye,RU,59.7035,30.7861,35.49,90,74,8.41,broken clouds
272,leh,IN,34.1667,77.5833,-6.12,73,3,2.04,clear sky
273,labuhan,ID,-6.8844,112.2051,78.13,86,100,6.62,light rain
274,broome,US,42.2506,-75.833,30.65,75,0,10.36,clear sky
275,ballina,AU,-28.8667,153.5667,80.02,70,54,9.51,broken clouds
276,concepcion del oro,MX,24.6333,-101.4167,62.89,15,0,5.95,clear sky
277,petropavlovsk-kamchatskiy,RU,53.0452,158.6483,-5.21,54,0,8.95,clear sky
278,cam ranh,VN,11.9214,109.1591,71.56,94,75,10.36,broken clouds
279,pedernales,DO,18.0384,-71.744,75.65,76,36,0.85,scattered clouds
280,dauphin,CA,51.1494,-100.0502,2.57,99,100,2.19,overcast clouds
281,cabo san lucas,MX,22.8909,-109.9124,74.61,53,20,10.36,few clouds
282,caravelas,BR,-17.7125,-39.2481,75.67,85,84,5.46,broken clouds
283,baoning,CN,25.3378,110.026,38.17,57,100,3.58,overcast clouds
284,sao filipe,CV,14.8961,-24.4956,76.26,61,100,3.44,overcast clouds
285,nome,US,64.5011,-165.4064,19.47,79,100,21.85,haze
286,lagoa,PT,39.05,-27.9833,57.92,73,68,14.52,broken clouds
287,butaritari,KI,3.0707,172.7902,80.91,79,12,15.82,few clouds
288,changji,CN,44.0167,87.3167,-8.61,84,100,2.24,fog
289,bardiyah,LY,31.7561,25.0865,56.79,73,3,6.98,clear sky
290,suzun,RU,53.7841,82.3116,13.62,95,100,8.59,overcast clouds
291,peace river,CA,56.2501,-117.286,20.25,98,100,1.41,overcast clouds
292,chimbote,PE,-9.0853,-78.5783,70.09,76,53,7.16,broken clouds
293,winsum,NL,53.33,6.5208,39.18,92,100,23.31,heavy intensity rain
294,xinzhi,CN,36.4989,111.7047,23.63,46,62,9.06,broken clouds
295,buerarema,BR,-14.9594,-39.2997,69.78,95,31,1.36,scattered clouds
296,leningradskiy,RU,69.3833,178.4167,-30.77,96,14,4.65,few clouds
297,narsaq,GL,60.9167,-46.05,1.62,66,9,10.42,clear sky
298,bonito,BR,-21.1211,-56.4819,73.81,84,68,0.2,broken clouds
299,uruzgan,AF,32.8333,66.0,28.27,32,4,6.6,clear sky
300,port-gentil,GA,-0.7193,8.7815,80.87,77,99,11.23,overcast clouds
301,husavik,IS,66.0449,-17.3389,30.92,94,100,26.17,snow
302,carnarvon,AU,-24.8667,113.6333,74.07,53,0,24.32,clear sky
303,kiunga,PG,-6.1219,141.2906,86.65,60,82,1.12,broken clouds
304,serov,RU,59.6033,60.5787,10.17,83,9,7.4,clear sky
305,san fernando,PH,15.0286,120.6898,76.96,77,100,5.46,overcast clouds
306,lewiston,US,44.1003,-70.2148,33.39,91,100,1.01,overcast clouds
307,high prairie,CA,55.4334,-116.4858,18.64,98,100,3.2,overcast clouds
308,cidreira,BR,-30.1811,-50.2056,74.55,80,95,11.07,overcast clouds
309,chateaudun,FR,48.0833,1.3333,39.34,94,75,3.91,broken clouds
310,kanye,BW,-24.9667,25.3327,66.99,55,3,8.52,clear sky
311,kidal,ML,18.4411,1.4078,64.65,18,0,10.13,clear sky
312,bhubaneswar,IN,20.2333,85.8333,68.22,100,40,3.44,mist
313,sechura,PE,-5.5569,-80.8222,73.98,64,71,15.41,broken clouds
314,itoman,JP,26.1247,127.6694,61.18,77,20,9.22,few clouds
315,kilemary,RU,56.7783,46.8659,8.35,90,45,8.66,scattered clouds
316,haines junction,CA,60.7522,-137.5108,21.29,97,100,2.84,overcast clouds
317,jambi,ID,-1.6,103.6167,73.56,96,99,2.84,moderate rain
318,antofagasta,CL,-23.65,-70.4,69.08,80,4,5.12,clear sky
319,sao joao da barra,BR,-21.6403,-41.0511,75.69,88,4,16.62,clear sky
320,broken hill,AU,-31.95,141.4333,96.94,20,5,14.2,clear sky
321,dunedin,NZ,-45.8742,170.5036,64.2,69,70,5.08,broken clouds
322,mabaruma,GY,8.2,-59.7833,72.46,89,30,3.76,scattered clouds
323,fort nelson,CA,58.8053,-122.7002,3.92,98,92,0.83,overcast clouds
324,pierre,US,44.3683,-100.351,31.12,88,100,12.66,overcast clouds
325,rauma,FI,61.1272,21.5113,32.04,94,37,8.88,scattered clouds
326,lata,PT,40.1629,-8.3327,56.8,96,99,17.58,light rain
327,laurel,US,39.0993,-76.8483,47.66,34,0,4.61,clear sky
328,spalene porici,CZ,49.6137,13.6056,39.65,86,92,12.66,overcast clouds
329,williamsburg,US,37.2707,-76.7075,47.73,52,0,3.44,clear sky
330,quchan,IR,37.106,58.5095,24.67,82,13,1.54,few clouds
331,verkhneyarkeyevo,RU,55.4505,54.3145,4.93,72,0,7.4,clear sky
332,lusaka,ZM,-15.4067,28.2871,61.81,97,100,5.44,moderate rain
333,shelburne,CA,44.0787,-80.2041,30.24,63,82,7.72,broken clouds
334,saint-francois,FR,46.4154,3.9054,35.04,87,0,3.44,clear sky
335,panama city,PA,8.9936,-79.5197,80.17,72,87,4.0,overcast clouds
336,altagracia de orituco,VE,9.8601,-66.3814,71.37,82,18,7.63,few clouds
337,nago,JP,26.5881,127.9761,61.23,77,99,12.86,overcast clouds
338,la mira,MX,18.035,-102.3266,78.87,67,33,5.08,scattered clouds
339,ust-kulom,RU,61.6864,53.6902,14.2,91,97,10.36,overcast clouds
340,paita,PE,-5.0892,-81.1144,70.63,80,42,13.89,scattered clouds
341,weyburn,CA,49.6668,-103.8511,12.52,97,100,4.68,overcast clouds
342,korla,CN,41.7597,86.1469,3.74,95,85,2.26,overcast clouds
343,karratha,AU,-20.7377,116.8463,82.2,74,61,10.29,broken clouds
344,acuitzio,MX,20.345,-101.9771,69.6,20,100,4.52,overcast clouds
345,bonham,US,33.5773,-96.1783,68.38,48,0,5.75,clear sky
346,saint paul,US,44.9444,-93.0933,36.12,95,100,5.75,snow
347,chingola,ZM,-12.529,27.8838,62.37,97,100,2.8,light rain
348,adrar,MR,20.5022,-10.0711,64.02,18,77,11.03,broken clouds
349,montepuez,MZ,-13.1256,38.9997,69.1,95,99,0.56,light rain
350,upernavik,GL,72.7868,-56.1549,-2.63,94,100,5.06,overcast clouds
351,joacaba,BR,-27.1781,-51.5047,69.1,98,66,1.05,broken clouds
352,kieta,PG,-6.2167,155.6333,84.69,70,98,4.43,light rain
353,the pas,CA,53.8251,-101.2541,15.82,79,100,0.0,overcast clouds
354,nouadhibou,MR,20.931,-17.0347,69.48,50,100,11.43,overcast clouds
355,kendari,ID,-3.945,122.4989,81.86,75,92,0.45,light rain
356,jeremie,HT,18.65,-74.1167,71.91,74,11,6.4,few clouds
357,coquimbo,CL,-29.9533,-71.3436,64.13,72,20,9.22,few clouds
358,at-bashi,KG,41.1702,75.8106,-8.03,48,0,3.65,clear sky
359,mehamn,NO,71.0357,27.8492,33.75,80,40,0.0,scattered clouds
360,ancud,CL,-41.8697,-73.8203,57.52,77,66,2.1,broken clouds
361,kontagora,NG,10.3999,5.4695,72.93,19,77,5.86,broken clouds
362,samarai,PG,-10.6167,150.6667,81.97,71,100,3.24,light rain
363,port hedland,AU,-20.3167,118.5667,84.25,74,79,12.66,broken clouds
364,dawei,MM,14.0833,98.2,63.91,87,8,3.74,clear sky
365,peleduy,RU,59.6289,112.7406,-51.07,100,63,0.94,broken clouds
366,serchhip,IN,23.3,92.8333,40.24,81,0,2.98,clear sky
367,berlevag,NO,70.8578,29.0864,33.8,80,100,19.57,overcast clouds
368,portland,US,45.5234,-122.6762,51.73,75,40,3.0,scattered clouds
369,severo-kurilsk,RU,50.6789,156.125,21.42,63,83,11.72,broken clouds
370,balingasay,PH,16.3573,119.8564,78.62,75,98,8.05,overcast clouds
371,port hueneme,US,34.1478,-119.1951,60.46,72,0,25.32,clear sky
372,saldanha,ZA,-33.0117,17.9442,64.78,84,10,3.91,clear sky
373,mareeba,AU,-17.0,145.4333,79.52,95,100,3.04,overcast clouds
374,bulgan,MN,48.8125,103.5347,-9.8,84,9,5.17,clear sky
375,hervey bay,AU,-25.2986,152.8535,74.01,94,100,14.0,light rain
376,puro,PH,12.4841,123.3827,78.37,87,94,9.35,overcast clouds
377,vardo,NO,70.3705,31.1107,35.58,87,100,20.71,overcast clouds
378,jackson,US,42.4165,-122.8345,46.74,74,100,6.91,overcast clouds
379,komsomolskiy,UZ,40.4272,71.7189,12.92,79,3,2.3,mist
380,marsabit,KE,2.3284,37.9899,67.53,42,53,5.53,broken clouds
381,farah,AF,32.5,62.5,32.72,33,5,1.95,clear sky
382,quelimane,MZ,-17.8786,36.8883,75.45,93,100,4.25,overcast clouds
383,cherepanovo,RU,54.2222,83.381,12.83,94,100,11.9,overcast clouds
384,aklavik,CA,68.2191,-135.0107,-18.71,99,92,4.16,overcast clouds
385,nemuro,JP,43.3236,145.575,20.79,66,60,10.83,broken clouds
386,dumbraveni,RO,46.2333,24.5667,38.32,72,98,4.0,overcast clouds
387,laguna,US,38.421,-121.4238,56.28,62,0,4.61,clear sky
388,sorong,ID,-0.8833,131.25,82.2,79,85,6.71,overcast clouds
389,hami,CN,42.8,93.45,11.77,44,0,4.99,clear sky
390,normandin,CA,48.8333,-72.5321,10.29,89,54,4.74,broken clouds
391,riyadh,SA,24.6877,46.7219,59.14,73,44,12.75,scattered clouds
392,gulu,UG,2.7746,32.299,67.46,45,39,4.0,scattered clouds
393,ulaanbaatar,MN,47.9077,106.8832,-16.83,100,61,2.73,broken clouds
394,vanavara,RU,60.34,102.2797,-24.21,97,100,7.65,light snow
395,taperoa,BR,-7.2075,-36.8267,75.65,61,100,12.64,overcast clouds
396,clovis,US,36.8252,-119.7029,48.47,87,100,3.44,mist
397,tautira,PF,-17.7333,-149.15,79.14,68,87,4.0,overcast clouds
398,paea,PF,-17.6833,-149.5833,85.71,54,75,6.91,broken clouds
399,parana,AR,-31.732,-60.5238,91.51,40,2,3.96,clear sky
400,belaya glina,RU,46.07,40.86,31.66,89,9,9.44,clear sky
401,starkville,US,33.4504,-88.8184,62.47,78,100,10.36,overcast clouds
402,hansot,IN,21.5833,72.8,58.19,33,1,10.83,clear sky
403,luanda,AO,-8.8368,13.2343,77.54,82,100,5.48,overcast clouds
404,north bend,US,43.4065,-124.2243,49.91,89,0,4.61,clear sky
405,oliver,CA,49.1831,-119.5524,40.91,87,100,3.44,overcast clouds
406,nishihara,JP,26.1842,127.7558,60.46,78,20,9.22,few clouds
407,sumbe,AO,-11.2061,13.8437,77.31,81,97,4.18,overcast clouds
408,iqaluit,CA,63.7506,-68.5145,-25.31,74,48,4.41,scattered clouds
409,timra,SE,62.487,17.3257,10.08,92,0,4.61,clear sky
410,les cayes,HT,18.2,-73.75,70.39,77,18,7.31,few clouds
411,taltal,CL,-25.4,-70.4833,66.83,78,16,3.62,few clouds
412,dinguiraye,GN,11.3,-10.7167,71.51,14,31,3.49,scattered clouds
413,abengourou,CI,6.7297,-3.4964,69.13,76,10,3.18,clear sky
414,tabou,CI,4.423,-7.3528,79.11,82,12,4.16,few clouds
415,pangody,RU,65.85,74.4859,-8.5,97,97,10.94,overcast clouds
416,nyimba,ZM,-14.5566,30.8149,65.41,97,98,3.74,overcast clouds
417,moussoro,TD,13.6408,16.4901,66.72,20,37,12.68,scattered clouds
418,basqal,AZ,40.7552,48.391,23.99,69,24,5.88,few clouds
419,san cristobal,VE,7.7669,-72.225,66.85,94,75,2.89,broken clouds
420,turkistan,KZ,43.0,68.0,13.87,81,0,6.15,clear sky
421,derzhavinsk,KZ,51.1,66.3167,-9.6,67,8,2.3,clear sky
422,jatai,BR,-17.8814,-51.7144,70.47,90,100,3.96,light rain
423,quang ngai,VN,15.1167,108.8,67.41,92,100,7.2,overcast clouds
424,krasnoarmeyskiy,RU,47.0114,42.2072,31.14,91,17,11.95,few clouds
425,soavinandriana,MG,-19.1667,46.7333,55.29,92,44,4.65,scattered clouds
426,lompoc,US,34.6391,-120.4579,53.78,84,75,17.27,broken clouds
427,hasuda,JP,35.9756,139.6508,42.94,55,34,3.62,scattered clouds
428,sterling,US,39.0062,-77.4286,46.42,36,75,4.61,broken clouds
429,masterton,NZ,-40.9597,175.6575,70.88,44,12,1.77,few clouds
430,buin,CL,-33.7333,-70.75,76.42,44,1,6.06,clear sky
431,hofn,IS,64.2539,-15.2082,30.7,59,100,24.2,overcast clouds
432,khorixas,NA,-20.3667,14.9667,72.16,71,100,9.98,overcast clouds
433,matay,EG,28.419,30.7792,51.15,71,0,2.98,clear sky
434,havelock,US,34.8791,-76.9013,49.95,63,92,5.5,overcast clouds
435,severobaykalsk,RU,55.65,109.3167,-7.65,83,100,1.81,overcast clouds
436,santiago del estero,AR,-27.7951,-64.2615,86.95,28,0,10.02,clear sky
437,baylo,PH,7.8539,126.0581,77.76,93,97,0.16,overcast clouds
438,tigil,RU,57.8,158.6667,2.25,91,100,4.36,overcast clouds
439,charters towers,AU,-20.1,146.2667,74.8,88,100,8.37,light rain
440,te anau,NZ,-45.4167,167.7167,71.01,44,6,3.15,clear sky
441,ilinskiy,RU,55.619,38.1182,27.3,93,100,13.42,light snow
442,yar-sale,RU,66.8333,70.8333,3.47,96,100,14.23,overcast clouds
443,amga,RU,60.8953,131.9608,-66.35,100,97,0.83,overcast clouds
444,dargaville,NZ,-35.9333,173.8833,71.83,54,22,8.05,few clouds
445,srisailam,IN,16.0833,78.8667,59.09,77,0,1.74,clear sky
446,astana,KZ,51.1801,71.446,-4.05,71,0,6.71,clear sky
447,smithfield,US,41.922,-71.5495,34.23,76,100,10.36,overcast clouds
448,naivasha,KE,-0.7167,36.4359,51.28,75,4,3.2,clear sky
449,harper,LR,4.375,-7.7169,79.18,81,13,4.38,few clouds
450,alofi,NU,-19.0595,-169.9187,79.43,74,100,6.51,overcast clouds
451,amalapuram,IN,16.5833,82.0167,64.02,94,0,1.54,clear sky
452,cururupu,BR,-1.8283,-44.8683,71.82,95,100,2.68,overcast clouds
453,syracuse,IT,37.0881,15.2792,56.57,73,81,14.54,broken clouds
454,malakal,SS,9.5334,31.6605,76.64,18,8,8.43,clear sky
455,luderitz,NA,-26.6481,15.1594,67.64,82,83,5.57,broken clouds
456,werda,BW,-25.2667,23.2833,75.79,35,0,8.57,clear sky
457,alcudia,ES,39.8532,3.1214,63.19,69,85,32.91,overcast clouds
458,grindavik,IS,63.8424,-22.4338,28.87,74,40,20.71,scattered clouds
459,namatanai,PG,-3.6667,152.4333,83.75,70,100,4.79,light rain
460,jumla,NP,29.2747,82.1838,29.88,13,0,6.02,clear sky
461,abaza,RU,52.655,90.0928,15.73,85,100,14.07,overcast clouds
462,ayorou,NE,14.7308,0.9174,67.57,16,53,11.1,broken clouds
463,zhanaozen,KZ,43.3,52.8,23.61,41,9,11.77,clear sky
464,sept-iles,CA,50.2001,-66.3821,25.05,79,100,6.91,light rain
465,hisar,IN,29.1667,75.7167,41.25,27,0,5.26,clear sky
466,aldan,RU,58.6031,125.3894,-41.17,99,100,1.77,overcast clouds
467,moberly,US,39.4184,-92.4382,51.93,55,0,10.36,clear sky
468,lithgow,AU,-33.4833,150.15,69.3,56,84,5.73,broken clouds
469,svetlaya,RU,46.5389,138.3297,1.58,59,53,7.27,broken clouds
470,kerema,PG,-7.9631,145.7785,83.75,63,93,1.92,overcast clouds
471,itaobim,BR,-16.5667,-41.8333,70.11,87,100,2.21,overcast clouds
472,ayagoz,KZ,47.9714,80.4392,-12.95,87,19,3.27,few clouds
473,tilichiki,RU,60.4667,166.1,-18.8,94,51,8.61,broken clouds
474,tibati,CM,6.4667,12.6333,67.86,26,83,4.21,broken clouds
475,gloversville,US,43.0528,-74.3438,29.52,75,0,10.36,clear sky
476,kalmunai,LK,7.4167,81.8167,75.83,85,56,9.48,broken clouds
477,shimoda,JP,34.6667,138.95,46.76,70,98,11.63,overcast clouds
478,constitucion,CL,-35.3333,-72.4167,57.22,83,41,9.53,scattered clouds
479,paris,FR,48.8534,2.3488,39.97,91,0,8.05,clear sky
480,canmore,CA,51.0834,-115.3521,24.39,100,54,5.57,broken clouds
481,nyurba,RU,63.2842,118.3319,-33.99,99,100,1.43,overcast clouds
482,onguday,RU,50.75,86.15,11.34,94,100,1.66,overcast clouds
483,sambava,MG,-14.2667,50.1667,73.45,89,80,7.58,light rain
484,alyangula,AU,-13.8483,136.4192,82.6,74,100,12.66,overcast clouds
485,ouegoa,NC,-20.35,164.4333,82.04,66,99,10.87,overcast clouds
486,praia da vitoria,PT,38.7333,-27.0667,57.76,77,75,12.86,broken clouds
487,myingyan,MM,21.4667,95.3833,60.93,56,0,2.42,clear sky
488,aasiaat,GL,68.7098,-52.8699,-16.65,90,97,6.67,overcast clouds
489,walvis bay,NA,-22.9575,14.5053,69.1,88,95,3.44,overcast clouds
490,privolzhskiy,RU,51.4,46.0333,14.09,51,86,6.8,overcast clouds
491,kosmynino,RU,57.5818,40.7643,26.08,92,100,13.18,overcast clouds
492,wattegama,LK,6.7989,81.4808,72.0,94,80,3.94,broken clouds
493,angoche,MZ,-16.2325,39.9086,77.77,85,97,6.91,light rain
494,aitape,PG,-3.1374,142.3475,82.49,68,97,1.28,overcast clouds
495,asau,RO,46.4333,26.4,34.72,75,85,4.88,overcast clouds
496,yeppoon,AU,-23.1333,150.7333,76.78,84,100,18.25,overcast clouds
497,ndjole,GA,-0.1783,10.7649,74.66,97,100,1.61,overcast clouds
498,tabuk,PH,17.4189,121.4443,71.24,90,100,5.23,overcast clouds
499,pasni,PK,25.2631,63.471,62.56,31,78,12.41,broken clouds
500,jalu,LY,29.0331,21.5482,54.45,62,0,5.01,clear sky
501,srednekolymsk,RU,67.45,153.6833,-47.11,99,90,5.39,overcast clouds
502,katsuura,JP,35.1333,140.3,45.34,62,72,10.36,broken clouds
503,ilihan,PH,13.6256,121.0753,78.1,84,95,8.97,overcast clouds
504,kupang,ID,-10.1667,123.5833,81.79,76,89,4.34,overcast clouds
505,atar,MR,20.5169,-13.0499,70.34,15,100,7.96,overcast clouds
506,mtambile,TZ,-5.3833,39.7,79.05,79,12,9.62,few clouds
507,escanaba,US,45.7453,-87.0646,34.52,99,100,12.66,snow
508,pitimbu,BR,-7.4706,-34.8086,79.39,76,100,9.22,overcast clouds
509,vallenar,CL,-28.5708,-70.7581,71.44,50,0,5.48,clear sky
510,santa fe,AR,-31.6333,-60.7,91.02,39,1,1.99,light rain
511,mandera,KE,3.9366,41.867,76.55,29,98,9.44,overcast clouds
512,the valley,AI,18.217,-63.0578,76.86,80,7,20.42,clear sky
513,saint peter,BB,13.25,-59.6167,75.45,77,9,11.97,clear sky
514,kisangani,CD,0.5167,25.2,72.3,79,72,2.8,broken clouds
515,kavieng,PG,-2.5744,150.7967,82.8,70,100,5.1,light rain
516,sukhumi,GE,43.0033,41.0153,47.14,49,2,4.38,clear sky
517,pabrade,LT,55.0,25.7833,34.25,97,100,9.19,light snow
518,casper,US,42.8666,-106.3131,27.19,74,0,6.91,clear sky
519,lakes entrance,AU,-37.8811,147.981,83.16,58,5,4.14,clear sky
520,porangatu,BR,-13.4408,-49.1486,72.72,87,99,1.19,overcast clouds
521,wasilla,US,61.5814,-149.4394,33.73,68,0,16.11,clear sky
522,liberal,US,37.0431,-100.921,48.34,40,0,5.75,clear sky
523,porto santo,PT,33.072,-16.3415,59.38,72,75,12.66,broken clouds
524,annau,TM,37.8876,58.516,17.1,79,29,4.61,mist
525,muzhi,RU,65.3667,64.6667,12.52,95,100,6.71,overcast clouds
526,williams lake,CA,52.1415,-122.1445,33.06,89,99,3.2,overcast clouds
527,kloulklubed,PW,7.0419,134.2556,81.1,72,98,5.66,overcast clouds
528,codrington,AU,-38.2667,141.9667,92.32,16,31,12.62,scattered clouds
529,grootfontein,NA,-19.5667,18.1167,62.17,100,94,0.0,light rain
530,trelew,AR,-43.249,-65.3051,68.07,44,82,13.35,broken clouds
531,lulea,SE,65.5842,22.1547,19.47,86,75,5.75,broken clouds
532,sorochinsk,RU,52.4338,53.1583,0.48,81,93,5.26,overcast clouds
533,marystown,CA,47.1666,-55.1483,43.7,99,100,22.5,light rain
534,musoma,TZ,-1.5,33.8,70.83,64,96,5.44,overcast clouds
535,oeiras do para,BR,-2.0031,-49.8544,74.71,90,62,3.4,broken clouds
536,babushkin,RU,51.7122,105.8647,7.84,82,78,3.2,broken clouds
537,ahuimanu,US,21.4447,-157.8378,82.11,73,40,8.05,light rain
538,coffeyville,US,37.0373,-95.6164,57.25,50,0,8.05,clear sky
539,kapustin yar,RU,48.5831,45.7372,18.45,79,27,7.43,scattered clouds
540,mahajanga,MG,-15.7167,46.3167,77.02,94,20,2.3,few clouds
541,oksfjord,NO,70.2396,22.3479,30.38,95,100,2.93,light snow
542,ocala,US,29.1872,-82.1401,57.18,59,0,4.61,clear sky
543,pinawa,CA,50.1489,-95.8811,26.56,94,100,8.28,overcast clouds
544,kibala,TD,9.1104,18.3463,67.95,52,0,2.3,clear sky
545,navsari,IN,20.9524,72.9324,60.96,32,0,8.57,clear sky
546,port lincoln,AU,-34.7333,135.8667,70.25,68,99,17.49,moderate rain
547,paamiut,GL,61.994,-49.6678,2.16,73,100,13.82,overcast clouds
548,mayumba,GA,-3.432,10.6554,77.05,86,100,1.72,moderate rain
549,otane,NZ,-39.8833,176.6333,72.3,56,70,7.58,broken clouds
550,doka,SD,13.5167,35.7667,73.04,29,22,13.71,few clouds
551,vila velha,BR,-20.3297,-40.2925,78.75,89,40,6.91,scattered clouds
552,gladstone,AU,-23.85,151.25,78.73,73,75,11.5,light rain
553,aksum,ET,14.1245,38.7244,56.53,58,30,2.66,scattered clouds
554,georgetown,MY,5.4112,100.3354,78.73,80,20,4.61,few clouds
555,aspindza,GE,41.5739,43.2483,30.07,76,97,5.88,overcast clouds
556,iwaki,JP,37.05,140.8833,41.02,53,7,1.99,clear sky
557,karasburg,NA,-28.0167,18.75,74.23,41,55,8.32,broken clouds
558,sfantu gheorghe,RO,45.8667,25.7833,41.27,77,91,2.91,overcast clouds
559,almenara,BR,-16.1836,-40.6944,70.43,94,100,1.48,overcast clouds
560,copiapo,CL,-27.3667,-70.3333,62.29,56,0,5.73,clear sky
561,rocha,UY,-34.4833,-54.3333,67.5,82,0,8.79,clear sky
562,chara,RU,56.9064,118.2631,-31.18,88,100,1.39,overcast clouds
563,omsukchan,RU,62.5333,155.8,-23.57,97,100,5.3,overcast clouds
564,yashkul,RU,46.1711,45.3435,27.73,79,7,9.82,clear sky
565,cahors,FR,44.4167,1.3333,40.14,96,100,6.71,light rain
566,jinchang,CN,38.4953,102.1739,9.72,60,20,7.54,few clouds
567,nizwa,OM,22.9333,57.5333,62.64,57,79,1.95,broken clouds
568,damaturu,NG,11.747,11.9608,65.08,21,88,9.06,overcast clouds
569,inongo,CD,-1.95,18.2667,71.83,92,100,6.29,overcast clouds
570,vangaindrano,MG,-23.35,47.6,73.74,87,26,1.01,light rain
571,gamba,GA,-2.65,10.0,76.75,82,99,2.73,light rain
572,esperance,AU,-33.8667,121.9,62.64,53,25,14.88,scattered clouds
573,irondequoit,US,43.2134,-77.5797,29.59,84,50,4.68,scattered clouds
574,nong ki,TH,14.6868,102.538,62.71,76,7,6.35,clear sky
575,zabaykalsk,RU,49.6333,117.3167,-8.9,88,39,15.1,scattered clouds
576,mogadishu,SO,2.0371,45.3438,75.96,78,8,16.62,clear sky
577,kesova gora,RU,57.5836,37.2922,23.07,95,100,10.85,overcast clouds
578,tongren,CN,27.7172,109.1853,35.62,50,94,2.59,overcast clouds
579,along,IN,28.1667,94.7667,50.32,96,86,2.35,overcast clouds
580,san juan,AR,-31.5375,-68.5364,86.97,28,92,16.37,overcast clouds
581,fairmont,US,39.4851,-80.1426,43.97,74,100,2.55,overcast clouds
582,borovskoy,KZ,53.8,64.15,-5.98,82,11,6.42,few clouds
583,xinxiang,CN,35.3089,113.8672,25.54,62,68,3.24,broken clouds
584,lodwar,KE,3.1191,35.5973,84.24,34,30,14.61,scattered clouds
585,yanliang,CN,34.6592,109.2292,27.59,54,91,5.99,overcast clouds
586,craig,US,40.5153,-107.5464,33.75,69,100,6.91,overcast clouds
587,eldorado,BR,-23.7869,-54.2836,82.08,68,83,3.13,broken clouds
588,veseloyarsk,RU,51.2836,81.1056,8.96,95,100,10.87,light snow
589,deyang,CN,31.1302,104.382,30.81,63,55,0.92,broken clouds
590,kirensk,RU,57.7853,108.1119,-15.81,98,100,2.51,overcast clouds
591,sitka,US,57.0531,-135.33,42.69,70,100,14.97,light rain
592,awjilah,LY,29.1081,21.2869,54.79,62,0,5.97,clear sky
593,hachinohe,JP,40.5,141.5,31.06,60,83,10.63,broken clouds
594,peniche,PT,39.3558,-9.3811,58.1,90,90,29.51,overcast clouds
595,neftekumsk,RU,44.6667,44.9167,30.49,92,7,7.74,clear sky
596,biltine,TD,14.5333,20.9167,67.53,20,75,10.83,broken clouds
597,banda aceh,ID,5.5577,95.3222,75.61,83,100,13.18,overcast clouds
598,shache,CN,38.4167,77.2406,-6.32,97,14,2.37,few clouds
599,gushikawa,JP,26.3544,127.8686,61.83,77,0,5.75,clear sky
600,bundaberg,AU,-24.85,152.35,74.21,99,100,1.01,light rain
601,redlands,US,34.0556,-117.1825,54.55,75,75,11.5,broken clouds
602,bismarck,US,46.8083,-100.7837,22.84,90,100,12.66,mist
603,kauhajoki,FI,62.4333,22.1833,32.11,91,74,7.0,broken clouds
604,sarangani,PH,5.4033,125.4636,81.77,76,68,2.82,broken clouds
605,calabozo,VE,8.9242,-67.4293,87.19,34,24,4.25,few clouds
606,moerai,PF,-22.4333,-151.3333,78.6,79,75,17.67,light rain
607,drexel heights,US,32.1412,-111.0284,56.75,77,100,10.36,overcast clouds
608,evensk,RU,61.95,159.2333,-2.42,79,100,5.95,overcast clouds
609,vao,NC,-22.6667,167.4833,75.85,70,99,17.81,overcast clouds
610,launceston,AU,-41.45,147.1667,67.15,70,100,5.75,overcast clouds
611,carutapera,BR,-1.195,-46.02,73.72,95,56,4.92,broken clouds
612,morondava,MG,-20.2833,44.2833,78.24,78,16,4.36,few clouds
613,kuah,MY,6.3265,99.8432,75.18,73,20,5.75,few clouds
614,liaozhong,CN,41.5061,122.7242,15.28,52,1,3.65,clear sky
615,palmerston,AU,-12.486,130.9833,87.78,76,75,9.22,broken clouds
616,akom,CM,2.6678,12.7109,70.72,57,100,4.29,overcast clouds
617,port blair,IN,11.6667,92.75,68.04,88,82,0.0,mist
618,vilhena,BR,-12.7406,-60.1458,68.49,98,100,3.09,overcast clouds
619,raudeberg,NO,61.9875,5.1352,36.27,70,86,7.7,overcast clouds
620,half moon bay,US,37.4636,-122.4286,54.52,76,75,19.57,haze
621,boksitogorsk,RU,59.474,33.8485,30.6,93,94,7.34,overcast clouds
622,moose factory,CA,51.2585,-80.6094,33.8,51,100,2.3,overcast clouds
623,gonbad-e qabus,IR,37.25,55.1672,34.75,45,73,1.01,broken clouds
624,nanyuki,KE,0.0167,37.0728,49.86,68,11,4.72,few clouds
625,tromso,NO,69.6496,18.957,30.22,80,100,17.27,light snow
626,erzin,TR,36.9559,36.2,49.6,81,100,4.9,overcast clouds
627,strezhevoy,RU,60.7333,77.5889,1.92,99,100,5.61,overcast clouds
628,ikungi,TZ,-5.1333,34.7667,58.8,94,93,4.5,overcast clouds
629,panguna,PG,-6.3164,155.4848,80.56,66,98,2.21,light rain
630,boende,CD,-0.2167,20.8667,73.72,81,100,3.62,overcast clouds
631,los llanos de aridane,ES,28.6585,-17.9182,60.55,66,20,10.36,few clouds
632,svetlyy,RU,54.675,20.1347,35.65,83,42,15.08,scattered clouds
633,fonte boa,BR,-2.4959,-66.2662,73.6,97,73,3.13,broken clouds
634,alfenas,BR,-21.4292,-45.9472,67.37,92,79,2.13,light rain
635,ouallam,NE,14.3188,2.0866,67.01,15,69,10.76,broken clouds
636,muros,ES,42.7762,-9.0603,58.08,82,98,29.46,overcast clouds
637,hong gai,VN,20.956,107.0946,53.51,67,100,5.84,overcast clouds
638,marsh harbour,BS,26.5412,-77.0636,66.94,55,2,6.08,clear sky
639,coffs harbour,AU,-30.3,153.1333,76.96,69,40,6.91,scattered clouds
640,eureka,US,40.8021,-124.1637,52.41,81,100,5.99,overcast clouds
641,solnechnyy,RU,50.7214,136.6319,-18.06,92,79,2.46,broken clouds
642,ferma,RU,57.9016,56.3064,6.93,56,0,4.47,clear sky
643,khurba,RU,50.4072,136.8819,-20.81,99,99,2.89,overcast clouds
644,saint-leu,RE,-21.15,55.2833,77.83,74,57,3.31,broken clouds
645,nurota,UZ,40.5614,65.6886,14.5,61,1,4.56,clear sky
646,turukhansk,RU,65.8167,87.9833,-29.94,85,63,6.85,broken clouds
647,saint anthony,US,45.0205,-93.218,35.2,95,100,5.75,snow
648,oranjemund,NA,-28.55,16.4333,64.02,93,98,2.48,overcast clouds
649,bay roberts,CA,47.5999,-53.2648,44.65,99,100,3.0,overcast clouds
650,tiarei,PF,-17.5333,-149.3333,86.02,68,80,3.53,broken clouds
651,nova bystrice,CZ,49.0193,15.1032,32.58,91,100,3.65,overcast clouds
652,namibe,AO,-15.1961,12.1522,73.42,79,93,5.55,overcast clouds
653,mwense,ZM,-10.3845,28.698,64.76,97,100,1.97,light rain
654,norman wells,CA,65.282,-126.8329,3.24,78,100,8.05,light snow
655,erenhot,CN,43.6475,111.9767,2.91,91,23,6.58,few clouds
656,sioux lookout,CA,50.1001,-91.917,32.07,100,100,2.3,mist
657,qingquan,CN,30.4511,115.2559,32.83,63,6,2.06,clear sky
658,moron,AR,-34.6534,-58.6198,84.09,66,30,10.92,scattered clouds
659,kuryk,KZ,43.2,51.65,30.99,39,95,15.75,overcast clouds
660,pangkalanbuun,ID,-2.6833,111.6167,76.32,89,99,3.04,overcast clouds
661,abnub,EG,27.2696,31.1511,50.5,67,0,3.18,clear sky
662,boundiali,CI,9.5217,-6.4869,72.97,18,4,3.94,clear sky
663,xiangxiang,CN,27.7333,112.5333,36.28,56,92,3.6,overcast clouds
664,luau,AO,-10.7073,22.2247,62.98,97,100,2.95,overcast clouds
665,kadoshkino,RU,54.0257,44.4191,16.95,93,67,11.97,broken clouds
666,inuvik,CA,68.3499,-133.7218,-5.04,84,75,2.3,light snow
667,boyolangu,ID,-8.1181,111.8935,77.5,87,93,2.75,overcast clouds
668,aberdeen,GB,57.1437,-2.0981,30.76,83,15,12.66,few clouds
669,soyo,AO,-6.1349,12.3689,78.64,86,99,6.78,overcast clouds
670,tudela,ES,42.0617,-1.6045,45.5,62,99,36.57,overcast clouds
671,kita,ML,13.0349,-9.4895,72.01,14,12,4.52,few clouds
672,banjar,ID,-8.19,114.9675,79.61,86,99,1.92,overcast clouds
673,jacareacanga,BR,-6.2222,-57.7528,73.24,98,97,0.58,overcast clouds
674,arlit,NE,18.7369,7.3853,61.83,23,0,6.71,clear sky
675,whitianga,NZ,-36.8333,175.7,66.6,71,37,9.19,scattered clouds
676,pokhara,NP,28.2333,83.9833,47.25,41,0,4.83,clear sky
677,ushtobe,KZ,45.2514,77.9838,0.1,84,2,4.12,clear sky
678,tanete,ID,-3.9443,119.7848,81.39,77,98,0.92,overcast clouds
679,khani,GE,41.9563,42.9566,40.57,66,97,6.87,overcast clouds
680,dhidhdhoo,MV,6.8833,73.1,80.26,75,16,13.11,few clouds
681,novonukutskiy,RU,53.7002,102.7117,5.32,93,100,3.11,overcast clouds
682,jiamusi,CN,46.8333,130.35,-12.15,96,23,6.08,few clouds
683,lasa,IT,46.6166,10.7002,31.08,94,93,4.34,light snow
684,nanning,CN,22.8167,108.3167,45.05,57,100,3.94,overcast clouds
685,codajas,BR,-3.8367,-62.0569,73.67,97,100,1.41,overcast clouds
686,uni,RU,57.7535,51.4923,3.47,95,6,9.86,clear sky
687,campbell river,CA,50.0163,-125.2446,44.98,100,100,8.05,mist
688,maumere,ID,-8.6199,122.2111,81.77,74,94,2.13,overcast clouds
689,ouadda,CF,8.0777,22.4007,70.03,27,43,7.14,scattered clouds
690,karoi,ZW,-16.8099,29.6925,62.44,96,99,6.6,overcast clouds
691,sistranda,NO,63.7256,8.834,31.96,73,17,22.17,few clouds
692,yazman,PK,29.1212,71.7446,47.91,15,0,6.31,clear sky
693,chengde,CN,40.9725,117.9361,8.04,84,4,4.25,clear sky
694,goderich,CA,43.7501,-81.7165,39.9,38,100,13.8,overcast clouds
695,skjervoy,NO,70.0311,20.9714,26.6,78,99,10.56,overcast clouds
696,fort-shevchenko,KZ,44.5086,50.263,33.6,53,68,17.49,broken clouds
697,kondinskoye,RU,59.6481,67.41,9.3,88,71,9.08,broken clouds
698,ushibuka,JP,32.1906,130.0228,49.55,69,64,7.56,broken clouds
699,sao miguel do tapuio,BR,-5.5036,-41.3233,69.82,97,100,4.79,overcast clouds
700,yermakovskoye,RU,53.2831,92.4003,17.64,82,100,20.27,light snow
701,xalpatlahuac,MX,17.4667,-98.6167,66.83,57,9,6.62,clear sky
702,deniliquin,AU,-35.5333,144.9667,90.81,30,7,11.43,clear sky
703,maneadero,MX,31.7167,-116.5667,56.1,81,100,4.0,overcast clouds
704,arona,ES,28.0996,-16.681,58.12,64,20,16.11,few clouds
705,kumluca,TR,36.3703,30.2869,54.18,75,14,4.41,few clouds
706,laguna de perlas,NI,12.3429,-83.6712,74.46,73,15,9.98,few clouds
707,monfalcone,IT,45.8072,13.5342,44.6,94,75,4.61,broken clouds
708,sola,VU,-13.8833,167.55,81.37,76,100,12.5,overcast clouds
709,new bern,US,35.1085,-77.0441,48.22,59,0,3.44,clear sky
710,oussouye,SN,12.485,-16.5469,72.12,53,57,7.0,broken clouds
711,boca do acre,BR,-8.7522,-67.3978,70.32,98,100,1.39,overcast clouds
712,sheopur,IN,25.6667,76.7,44.2,47,0,4.83,clear sky
713,sur,OM,22.5667,59.5289,67.55,65,44,3.33,scattered clouds
714,altamont,US,42.2068,-121.7372,38.89,65,0,12.66,clear sky
715,sobolevo,RU,54.4299,31.8996,30.34,96,100,11.7,light snow
716,dubbo,AU,-32.25,148.6167,80.73,44,40,10.36,scattered clouds
717,udachnyy,RU,66.4167,112.4,-49.56,71,100,4.36,overcast clouds
718,purepero,MX,19.9167,-102.0167,64.26,32,100,3.51,overcast clouds
719,kijang,KR,35.2442,129.2139,31.73,25,86,5.37,overcast clouds
720,san quintin,MX,30.4833,-115.95,60.3,81,100,11.23,overcast clouds
